clip_id,AU01_r_mean,AU01_r_std,AU01_r_q95,AU02_r_mean,AU02_r_std,AU02_r_q95,AU04_r_mean,AU04_r_std,AU04_r_q95,AU05_r_mean,AU05_r_std,AU05_r_q95,AU06_r_mean,AU06_r_std,AU06_r_q95,AU07_r_mean,AU07_r_std,AU07_r_q95,AU09_r_mean,AU09_r_std,AU09_r_q95,AU12_r_mean,AU12_r_std,AU12_r_q95,label,source_id
Art6_S2,0.21755952380952379,0.34638681956885903,1.06,0.17946428571428572,0.466050110292529,1.0245000000000009,0.25345238095238093,0.3645257571955209,1.1665,0.06988095238095238,0.1636594539906713,0.5430000000000001,0.721845238095238,0.6256250908878623,1.6525000000000003,0.5900000000000001,0.5947092078622692,1.9840000000000009,0.08934523809523809,0.16335971066027521,0.4860000000000002,0.1449404761904762,0.4459518475440097,1.5390000000000004,1,Art6
Art6_S32,0.28168421052631576,0.4389437336877984,1.1989999999999998,0.11105263157894738,0.2640336603469198,0.5699999999999997,0.23494736842105263,0.28042472985694666,0.743,0.05778947368421053,0.11891512212917514,0.36,0.5861052631578947,0.44427395884062265,1.359,0.7751578947368422,0.7333047654688676,1.896,0.10326315789473685,0.18932939946178434,0.5859999999999999,0.019263157894736843,0.08186966945796016,0.10299999999999969,1,Art6
Art6_S36,0.17659863945578233,0.2604983320906937,0.7734999999999996,0.13547619047619047,0.3326852345708763,1.07,0.43690476190476185,0.3333298919048742,1.1234999999999997,0.05309523809523809,0.1317185350234144,0.3234999999999997,1.1783333333333335,0.6340252342964645,2.4404999999999992,0.8308843537414966,0.6763679604916358,2.1479999999999975,0.09217687074829932,0.16492636481574063,0.48,0.035816326530612244,0.14309540102312196,0.20699999999999932,1,Art6
Art6_S43,0.3399300699300699,0.5332421384080019,1.379,0.10342657342657342,0.21734669162263015,0.63,0.47083916083916083,0.4725172275024635,1.21,0.04979020979020979,0.11392775405015858,0.31700000000000017,0.5083216783216783,0.6143839076141171,1.8050000000000004,0.8356643356643356,0.5574142508936951,1.7370000000000008,0.06104895104895105,0.10658404926981857,0.31,0.0004195804195804196,0.0028763547632586896,0.0,0,Art6
Art6_S6,0.0766,0.13636101543554247,0.37099999999999994,0.0716,0.15601360484893356,0.4109999999999999,0.6186,0.406523388387584,1.3644999999999983,0.0218,0.042459584625036226,0.11649999999999992,0.602,0.4638613445187856,1.381,1.8722,0.670334336319556,3.1184999999999996,0.0364,0.049683077232245854,0.12549999999999997,0.0,0.0,0.0,0,Art6
Art6_S88,0.7064578313253013,1.0486597070492036,2.8029999999999995,0.15674698795180722,0.3508695493501759,1.0729999999999995,0.7715180722891567,0.855294597966271,2.6029999999999998,0.08638554216867471,0.21756546193099868,0.58,0.724578313253012,0.48740588390356415,1.4629999999999994,1.1326265060240965,0.8912191577936587,2.48,0.1408433734939759,0.26766662524264256,0.86,0.004192771084337349,0.033783359906228265,0.0,1,Art6
Art6_S89,0.15098181818181816,0.2245891212655741,0.6250000000000006,0.07029090909090908,0.12705790287690533,0.3730000000000001,1.1342545454545454,1.0393500955412118,2.783,0.05010909090909091,0.12031128614551527,0.34300000000000014,0.304,0.41820174644533353,1.153,0.4440727272727273,0.4400134310551875,1.4060000000000001,0.1406909090909091,0.252195966609278,0.8030000000000002,0.0,0.0,0.0,0,Art6
Art6_S90,0.2337150837988827,0.40879874216118844,1.1514999999999997,0.18134078212290503,0.39683254455272854,1.0464999999999975,0.8627932960893855,0.6484996835055148,1.9814999999999998,0.10022346368715085,0.2672097871940378,0.6529999999999996,0.655195530726257,0.6337101996361005,1.64,1.204413407821229,0.702138443927959,2.13,0.13916201117318436,0.2764336128373466,0.7044999999999992,0.0010614525139664805,0.01349308859754133,0.0,0,Art6
Bus14_S105,0.6561160714285714,0.9044868747783908,2.4755,0.170625,0.40461415213462726,1.1594999999999995,1.4503125000000001,1.2289261748215126,3.647,0.09910714285714285,0.232859216003788,0.76,0.9775892857142857,0.5236320988556314,1.5985,1.6786607142857142,1.0238742001059196,3.3485,0.14209821428571429,0.27816756120083486,0.7554999999999998,0.3091517857142857,0.29082948357581684,0.8054999999999999,1,Bus14
Bus14_S106,0.1288888888888889,0.25211308234462604,0.66,0.06574074074074074,0.12341985179989835,0.3339999999999998,0.8290740740740742,0.6003969395121378,1.6035,0.05296296296296296,0.11975808366192225,0.37099999999999966,0.14833333333333332,0.27469880589886836,0.7739999999999998,0.6811111111111111,0.7631703157340504,2.114,0.11444444444444445,0.24083711450536527,0.6509999999999974,0.07037037037037036,0.15264909770466684,0.32899999999999924,1,Bus14
Bus14_S108,0.12000000000000001,0.1652038367965699,0.502,0.04207547169811321,0.07212058520193368,0.18199999999999997,0.7716981132075471,0.46130140259361124,1.288,0.04264150943396227,0.07726455410312492,0.208,0.1569811320754717,0.33735729122822833,0.8639999999999999,0.8116981132075473,0.7896341310745819,2.288,0.15037735849056602,0.28452363876480485,0.844,0.10169811320754718,0.27553958147226343,0.7639999999999998,1,Bus14
Bus14_S109,0.44413043478260866,0.656947743861147,1.8975,0.16195652173913044,0.3406178671193955,0.985,0.5073913043478261,0.7549817798614118,1.92,0.04,0.0727858350077663,0.2,0.4202173913043479,0.2669289471037796,0.925,1.501521739130435,0.7653117517029815,2.7225,0.14217391304347826,0.2775601079524399,0.8525,0.17239130434782607,0.24489621187223776,0.76,1,Bus14
Bus14_S110,1.02,1.482464882437211,3.645,0.21958333333333332,0.39886518990294456,1.1389999999999998,0.5556249999999999,0.683183742924072,2.211,0.02666666666666667,0.05154355040790732,0.16,0.140625,0.19907665849477887,0.57,0.44375000000000003,0.7090227766950369,1.8584999999999996,0.11,0.2268001275844889,0.6649999999999996,0.28250000000000003,0.32241442869354847,0.7959999999999999,1,Bus14
Bus14_S111,0.36524305555555553,0.5390932604898835,1.5194999999999994,0.10725694444444445,0.24227531338900188,0.6129999999999995,0.6036458333333333,0.8475125971641463,2.57,0.05322916666666667,0.12759224134822936,0.3059999999999991,0.8073958333333333,0.6089653843082661,1.6529999999999994,1.445625,1.0020061540492722,2.9865,0.11222222222222222,0.21046305160245585,0.5664999999999998,0.2859027777777778,0.2548372800345211,0.7364999999999997,1,Bus14
Bus14_S113,0.27650943396226413,0.4011579488308224,1.17,0.1630188679245283,0.3543771727876839,0.99,0.34518867924528296,0.5519493267494685,1.67,0.08528301886792454,0.1960330756696786,0.565,0.35839622641509433,0.34514630932804025,0.965,0.42820754716981135,0.49741770732609175,1.5,0.16216981132075473,0.33805044626922354,0.855,0.7428301886792452,0.6724904031419774,1.6475,1,Bus14
Bus14_S17,0.12726666666666667,0.1655938942340757,0.43549999999999983,0.06973333333333334,0.14440317657489984,0.32549999999999985,1.7522,0.6855868695538866,2.8564999999999996,0.03613333333333333,0.06890112229306461,0.20549999999999982,1.2640666666666667,0.9773605715399486,2.6355,2.1287333333333334,0.6465782902778388,3.2064999999999997,0.07686666666666667,0.13754382665375894,0.41,1.3916000000000002,0.7844436150768894,2.64,1,Bus14
Bus14_S18,1.2067184466019418,1.6748101432413762,4.18,0.13582524271844662,0.26250930786479004,0.72,0.38974757281553396,0.5967275662281964,1.572999999999995,0.16411650485436893,0.3828992232872582,1.1329999999999993,0.7332427184466019,0.5061929405999438,1.5129999999999995,1.1079029126213593,0.8494117157946689,2.6029999999999998,0.08374757281553398,0.1575336860058432,0.46,0.808990291262136,0.5245251232914615,1.77,1,Bus14
Bus14_S2,0.4133204633204633,0.7075926662998527,1.5989999999999995,0.18162162162162163,0.6013941133156304,1.038999999999999,0.04030888030888031,0.12504534510203558,0.37099999999999994,0.04602316602316602,0.11674865105546525,0.38099999999999995,1.0125096525096526,0.28675455245920745,1.5139999999999998,1.3210810810810811,0.4561045766852655,2.0319999999999996,0.056911196911196914,0.111211248063533,0.29399999999999976,0.32127413127413124,0.17839594861782604,0.6009999999999999,1,Bus14
Bus14_S28,0.21174603174603174,0.3025097138673846,0.8374999999999999,0.06349206349206349,0.12122255539505813,0.3375,1.5114285714285713,0.345004844686481,1.9849999999999999,0.025952380952380952,0.057829799535237134,0.18,0.019365079365079366,0.09043668310367008,0.0,0.20007936507936508,0.29087040696982863,0.8574999999999999,0.09555555555555555,0.2008683371984965,0.5874999999999999,0.04214285714285715,0.10355757542821983,0.245,0,Bus14
Bus14_S48,0.20182572614107885,0.33660310877264343,0.69,0.12605809128630704,0.2850347580173483,0.68,0.13298755186721992,0.3620707168649034,1.21,0.03979253112033195,0.08528602920359662,0.23,0.7395850622406639,0.4782753674498269,1.54,1.8484647302904564,0.6911009693181821,2.86,0.08896265560165975,0.16935958618548402,0.53,0.47970954356846474,0.34900740004123243,0.97,1,Bus14
Bus14_S5,1.14805,1.5150221642904962,3.5904999999999996,0.1932,0.41194325608165483,1.31,0.4257,0.7556816683760418,2.2704999999999997,0.1059,0.2907747232798828,0.7109999999999996,1.0643,0.3956897292185447,1.6714999999999993,1.67125,0.7850749332094156,2.9609999999999994,0.15030000000000002,0.2646376303114968,0.8004999999999999,0.78405,0.4349575125094891,1.54,1,Bus14
Bus14_S65,0.6765671641791045,0.9128320105646676,2.29,0.1055223880597015,0.1914164394169405,0.5849999999999997,0.502089552238806,0.7090786538272273,1.864,0.1028358208955224,0.1902056779108952,0.53,0.7792537313432836,0.2941001346317468,1.15,1.6328358208955225,0.8332008488083756,2.754,0.20253731343283582,0.38499249612357495,1.1569999999999996,0.9658208955223879,0.45104306471048655,1.574,0,Bus14
Bus14_S88,0.685128205128205,0.8078924700046679,1.9219999999999993,0.09628205128205128,0.21429503254242968,0.5049999999999991,0.9174358974358975,0.5084568860074618,1.753,0.04961538461538462,0.1131880667806393,0.3859999999999997,0.011923076923076923,0.032154565522116506,0.09149999999999991,0.19615384615384615,0.27450181921300404,0.724499999999998,0.053974358974358976,0.10129473189965364,0.28299999999999986,0.1114102564102564,0.15558623415031375,0.44299999999999984,0,Bus14
Bus14_S98,0.2426,0.3868197711512887,1.013,0.0692,0.12893252483216155,0.37099999999999994,0.349,0.5357794284587603,1.4709999999999994,0.0282,0.06934586133900483,0.13,0.6747,0.21112232559262026,1.0105,1.3374000000000001,0.4527773328373599,1.9509999999999998,0.06860000000000001,0.13358325062853071,0.41,0.5468999999999999,0.4154897195728277,1.2674999999999996,1,Bus14
Edu2_S32,0.5220661157024794,0.6805156345930781,1.75,0.1321487603305785,0.27049093210793046,0.71,0.031735537190082645,0.06264553304041202,0.17,0.07388429752066115,0.17835999131357178,0.52,0.6092561983471074,0.3489297094670503,1.51,0.09743801652892563,0.23562162084445137,0.75,0.10140495867768595,0.18217805294603026,0.52,0.49479338842975207,0.37931099635513194,1.2,1,Edu2
Edu2_S34,0.39413793103448275,0.7247480735503495,2.0954999999999995,0.054310344827586204,0.12871990629685834,0.26299999999999996,0.04275862068965517,0.09187697921865315,0.24599999999999994,0.027068965517241382,0.06209807242508474,0.21,0.7841379310344827,0.3729260049965163,1.3645,1.0560344827586208,0.7562834789577679,2.2045,0.06603448275862069,0.13030247745988524,0.38749999999999996,0.8281034482758621,0.2395570246477365,1.1634999999999998,1,Edu2
Edu2_S35,0.14268817204301074,0.21586600002611447,0.6039999999999999,0.03397849462365592,0.06125747132686253,0.17199999999999974,0.004193548387096774,0.031702509180805326,0.0,0.03666666666666667,0.08203039380160487,0.24,0.25827956989247314,0.3102440261692818,0.86,0.6332258064516129,0.34693114618949017,1.18,0.036774193548387096,0.06264394363874536,0.16399999999999992,0.15720430107526884,0.2319921549994733,0.62,1,Edu2
Edu2_S37,0.5857512953367876,0.9404506789250039,2.7179999999999995,0.21284974093264247,0.44172326274069684,1.3159999999999992,0.024455958549222796,0.06880557888474555,0.16799999999999954,0.07481865284974093,0.18494394777046844,0.5699999999999988,0.7269430051813472,0.3072652929901755,1.2839999999999998,0.582901554404145,0.48499234921764967,1.22,0.10943005181347151,0.20437961648327718,0.46399999999999975,0.5462694300518135,0.404627619376995,1.3079999999999996,1,Edu2
Edu2_S51,0.18985714285714284,0.2778961951586666,0.79,0.09495238095238095,0.19832612361989377,0.5854999999999998,0.5253809523809524,0.3864698501694507,1.2454999999999998,0.027428571428571427,0.05402513275542493,0.15,1.012857142857143,0.31473605341927574,1.4454999999999998,0.6318095238095238,0.7346564877089065,1.987499999999999,0.1443333333333333,0.28467018326062815,0.8854999999999998,0.4482857142857143,0.3518834004981453,0.99,1,Edu2
Edu2_S54,0.3098657718120805,0.5598443154455813,1.4619999999999997,0.04067114093959732,0.10257274563944258,0.2419999999999996,0.06946308724832215,0.16172125349175676,0.49599999999999994,0.06436241610738255,0.15648297613846052,0.4579999999999998,0.2824161073825503,0.3633601649445478,0.9219999999999996,0.26046979865771813,0.40483619572056506,1.1639999999999993,0.27993288590604026,0.5067203725979492,1.336,0.443758389261745,0.20269627294959877,0.75,0,Edu2
Edu2_S62,0.21729857819905213,0.4293947023736323,0.875,0.11781990521327014,0.2883780352609113,0.755,0.4575355450236967,0.4632911173817392,1.205,0.09156398104265404,0.2280015025666438,0.71,0.9724170616113744,0.3597397690300599,1.72,1.0251184834123224,0.8010964867810417,2.82,0.09867298578199052,0.18324883467464143,0.5,0.7072985781990522,0.38421571439550084,1.415,1,Edu2
Edu2_S63,0.14645320197044334,0.2177022936045616,0.6389999999999998,0.1689655172413793,0.36941271801441217,1.06,0.22857142857142856,0.28863871104941186,0.7989999999999998,0.034975369458128076,0.07693622396927179,0.24699999999999933,0.9389655172413793,0.4061012576665091,1.4869999999999992,0.8883251231527094,0.7666605950673798,2.4479999999999995,0.061133004926108375,0.10523992882054531,0.31,0.5714778325123153,0.33496236415045033,1.03,1,Edu2
Edu2_S68,0.4823037974683544,0.7764513241291354,2.3059999999999987,0.17,0.372468783824709,1.0729999999999995,0.46455696202531643,0.4357798234065103,1.15,0.04534177215189873,0.11467044880586635,0.25299999999999956,1.5165822784810126,0.5499083589457873,2.5,1.0580759493670886,1.2148576170687857,3.185999999999999,0.09853164556962025,0.2146035676658229,0.6349999999999978,1.0555696202531646,0.7069516077670909,2.23,1,Edu2
Edu2_S72,0.2019918699186992,0.34002835406225324,1.03,0.08642276422764228,0.19044793634814383,0.5925,0.35365853658536583,0.35095617097757,0.96,0.11219512195121951,0.31082782578499946,0.98,0.6014634146341463,0.486205940958556,1.5550000000000002,0.6655691056910569,0.7753652735645369,2.53,0.11613821138211382,0.26092481754613095,0.6975,0.18121951219512195,0.22937033726643966,0.66,1,Edu2
Edu2_S77,0.3121917808219178,0.4377379048143873,1.1875,0.1015068493150685,0.1951421849999544,0.5875,0.05808219178082192,0.11547392641059802,0.3075,0.10136986301369863,0.29889827617316805,0.55,0.14335616438356164,0.20740524183599765,0.555,0.3286301369863014,0.43077257002448316,1.1975,0.07095890410958904,0.1307185909640183,0.3875,0.18527397260273973,0.32135530922357347,0.97,1,Edu2
Edu2_S78,0.2279182879377432,0.30630245524620037,0.79,0.25007782101167314,0.5768898883234339,1.75,0.16161478599221787,0.2704575565914188,0.84,0.05704280155642023,0.14451036546839297,0.380499999999999,0.9204280155642024,0.4189667645278087,1.7434999999999996,0.8602140077821011,0.7859180654326378,2.1634999999999995,0.11986381322957199,0.23295746864339203,0.6869999999999994,0.5251361867704281,0.34073375836211944,1.07,1,Edu2
Ent5_S149,0.30858407079646016,0.5759539714629935,1.8879999999999986,0.10221238938053098,0.23621923274060758,0.5999999999999992,0.33451327433628314,0.6897942125197849,2.331999999999999,0.10530973451327434,0.30580710188795074,0.4299999999999983,0.13053097345132744,0.23061579330428641,0.7339999999999999,1.2227433628318582,0.5947842462782059,2.1739999999999995,0.13530973451327435,0.2539828129606277,0.7139999999999999,0.10212389380530974,0.17962486369133723,0.4799999999999996,1,Ent5
Ent5_S152,0.11089108910891088,0.14424353718555982,0.36,0.11445544554455446,0.28305644400905183,0.75,0.0026732673267326735,0.016364051399877167,0.0,0.0705940594059406,0.23600348210218505,0.68,0.14663366336633663,0.13205511900507885,0.39,0.7899009900990099,0.38067964234906215,1.48,0.02702970297029703,0.042155534736388896,0.12,0.8586138613861386,0.3677200829516124,1.39,1,Ent5
Ent5_S153,0.19225806451612903,0.29495286463034054,0.9039999999999998,0.08032258064516129,0.16792135255875384,0.5319999999999999,0.0,0.0,0.0,0.026359447004608294,0.055411923904552275,0.15,0.26534562211981566,0.26049631296122716,0.9119999999999999,0.7819815668202765,0.31248294713669966,1.2119999999999997,0.040184331797235025,0.07266719631331287,0.19,1.0343778801843317,0.2788745653733095,1.4119999999999997,1,Ent5
Ent5_S19,0.1781818181818182,0.24885105966077734,0.7460000000000002,0.04954545454545455,0.07129873430673278,0.18400000000000005,0.1590909090909091,0.41202177737555634,1.284,0.05863636363636364,0.1320428209101548,0.3905000000000002,0.8122727272727274,0.32050007173647665,1.2770000000000001,2.333181818181818,0.4145649034790777,2.89,0.022727272727272728,0.035526841235929765,0.09850000000000002,1.0711363636363638,0.2528278751658683,1.5395,0,Ent5
Ent5_S24,0.18357798165137615,0.2831454374874555,0.7459999999999994,0.08513761467889908,0.20533448177393068,0.43599999999999994,0.37495412844036696,0.4567692987939985,1.2419999999999998,0.05504587155963303,0.11988902162394315,0.32599999999999996,0.5342201834862385,0.36655628029798093,1.216,2.0338532110091743,0.6168046516146606,2.9379999999999997,0.12853211009174312,0.2514912033218738,0.7159999999999996,0.6803669724770642,0.3724988854209141,1.3599999999999992,0,Ent5
Ent5_S3,0.5123510971786833,0.8409446183821496,2.651,0.14112852664576803,0.3319742437649256,0.9339999999999987,0.4928213166144201,0.6353730663009336,1.7109999999999963,0.0861128526645768,0.2067628600740174,0.6119999999999993,0.435423197492163,0.47350000786441976,1.4109999999999996,1.0210658307210032,0.9595964128355747,2.981,0.14260188087774295,0.27375068098977057,0.8819999999999993,0.4730094043887147,0.4915714468240226,1.4349999999999983,1,Ent5
Ent5_S33,0.47886792452830185,0.733945241033685,1.994,0.09509433962264151,0.21330388796548017,0.6519999999999997,0.36660377358490565,0.6403753208267383,1.776,0.06415094339622641,0.13526944566968993,0.41,0.43924528301886795,0.2588796056426748,0.8939999999999997,1.8918867924528302,0.695996951263696,2.856,0.1579245283018868,0.29492736061721814,0.814,0.6701886792452829,0.36651419620967207,1.158,0,Ent5
Ent5_S35,0.3754119850187266,0.6131903153042452,1.94,0.1205992509363296,0.25609203405344183,0.7334999999999996,1.0691760299625468,0.9447290700828629,2.5669999999999993,0.06172284644194757,0.14674079571848006,0.3434999999999997,0.49904494382022474,0.3263833682066678,1.09,1.3614232209737829,0.6506987416945643,2.5269999999999992,0.08294007490636704,0.15205955732081503,0.43,0.5282209737827716,0.3863899641065705,1.1969999999999992,1,Ent5
Ent5_S36,0.3079850746268657,0.4145906212569274,1.1534999999999997,0.06425373134328358,0.11417818066889841,0.30349999999999994,0.9320149253731344,0.8156097215094184,2.1005,0.08179104477611941,0.20805526574305086,0.6469999999999999,0.4802238805970149,0.29267875180179437,0.8839999999999998,1.3578358208955223,0.46341063480629857,1.9174999999999995,0.16223880597014928,0.3075653651195465,0.99,0.5952238805970149,0.3532974984810224,1.0635,1,Ent5
Ent5_S61,0.7621212121212121,1.0776882371249794,2.8039999999999994,0.17254545454545453,0.37126293119543013,1.0459999999999996,0.847030303030303,0.7826340952992703,2.1079999999999997,0.051393939393939395,0.11594730178970691,0.30999999999999917,0.2847272727272727,0.27027890661577547,0.7959999999999997,0.831030303030303,0.6237803946770402,1.9259999999999995,0.14454545454545456,0.24642184370593523,0.65,0.7337575757575757,0.42809184037886694,1.38,1,Ent5
Ent5_S76,0.18743589743589742,0.25314353967986564,0.6889999999999995,0.08897435897435899,0.15365325902604215,0.4214999999999999,0.6025641025641025,0.566876692190801,1.9934999999999992,0.0417948717948718,0.08510869428847939,0.24,0.08884615384615384,0.11106311262077515,0.37,0.29923076923076924,0.370239547694898,1.1514999999999997,0.07179487179487179,0.11742633601089829,0.34449999999999975,0.650897435897436,0.3081076970482122,1.303,1,Ent5
Ent5_S88,0.138,0.18066292068128123,0.4299999999999999,0.043555555555555556,0.08315253113612017,0.22799999999999998,0.06333333333333334,0.2169101196348386,0.585999999999999,0.044,0.0968691713789086,0.288,0.2508888888888889,0.17706986579804418,0.45799999999999996,1.2026666666666666,0.5112880348154594,1.616,0.032,0.05220588611885201,0.15799999999999997,0.5084444444444445,0.2913756990206939,0.8959999999999999,0,Ent5
Med15_S23,0.11175675675675675,0.17094706469057486,0.48549999999999927,0.07716216216216217,0.15221218310526913,0.4,2.764864864864865,0.3751063529305863,3.2649999999999992,0.054459459459459465,0.10907006535190213,0.32,0.050945945945945946,0.08511344434339993,0.25349999999999995,0.4213513513513513,0.47181469639878204,1.5714999999999995,0.023108108108108108,0.03719352115019223,0.09349999999999994,0.027297297297297296,0.04439231382617841,0.12,0,Med15
Med15_S24,0.09716666666666667,0.1321156615341227,0.34499999999999975,0.0315,0.04332866119967166,0.13049999999999998,2.2591666666666668,0.3947506901129278,2.67,0.03283333333333333,0.05511441617269022,0.12149999999999991,0.006,0.02344846494921525,0.014499999999999746,0.454,0.47359139937220357,1.2019999999999997,0.03133333333333334,0.045602061604700185,0.13,0.005,0.01780306581862722,0.02299999999999983,0,Med15
Med15_S26,0.08,0.12118063278722332,0.3314999999999999,0.11133333333333333,0.21223161849028446,0.5564999999999997,2.4618333333333333,0.6518175154491688,3.7905,0.034166666666666665,0.06012111128878831,0.17049999999999998,0.015166666666666665,0.03441972565440191,0.09149999999999991,0.5820000000000001,0.4001855501842504,1.2634999999999998,0.05716666666666667,0.10313873603092338,0.29199999999999987,0.0025,0.008949008088202395,0.011499999999999915,0,Med15
Med15_S34,0.09843416370106761,0.14680783153531587,0.37,0.06715302491103203,0.15524085457223308,0.44,0.4492526690391459,0.28163390028100954,0.92,0.029217081850533812,0.05975030657444116,0.16,0.025587188612099646,0.08798798850409321,0.16,0.22117437722419928,0.31936383447362976,0.89,0.053202846975088966,0.11484644154140307,0.3,0.011245551601423489,0.059192906697976604,0.04,1,Med15
Med15_S46,0.4079816513761468,0.787566316803807,2.3479999999999994,0.06706422018348623,0.13182692604385984,0.31799999999999984,1.5627522935779816,0.8962172268501785,3.012,0.08724770642201835,0.23312638266746363,0.6679999999999995,0.6455963302752294,0.500790913701185,1.27,1.34348623853211,0.8838105379200334,3.1139999999999994,0.18926605504587155,0.33096018117328896,0.92,0.5468807339449542,0.5298824070239833,1.4879999999999998,0,Med15
Med15_S51,0.31109170305676853,0.4052204677932472,1.1179999999999999,0.2290829694323144,0.46734274690625144,1.34,0.8108733624454149,0.5505898962863303,1.89,0.1000873362445415,0.23827411471335855,0.7259999999999999,0.03689956331877729,0.08135633904814821,0.24599999999999994,0.14558951965065503,0.23684925080940994,0.6819999999999998,0.1777292576419214,0.363643955507414,1.0319999999999998,0.08720524017467249,0.16080405633510508,0.4159999999999999,0,Med15
Med15_S57,0.26006329113924054,0.4146789055339467,1.2420000000000004,0.19499999999999998,0.41975235343778644,1.2560000000000002,0.8374050632911393,0.8336697939379345,2.9360000000000004,0.11424050632911392,0.2784861128255492,0.9,0.5067088607594937,0.3856724511017364,1.2160000000000002,1.0102531645569621,0.5921051178053801,1.9815,0.07126582278481013,0.13769593649192693,0.38600000000000023,0.9775949367088608,0.6140078532037321,1.7415,0,Med15
Med15_S68,0.26529411764705885,0.39643827429012046,1.174,0.15458823529411767,0.32817878744155704,1.0279999999999996,1.1007058823529412,0.8541004572276113,2.482,0.07388235294117647,0.21932848878884326,0.5619999999999994,0.02364705882352941,0.05899651036539463,0.18199999999999988,0.3567058823529412,0.4304521107020421,1.2,0.09376470588235294,0.18710180874255036,0.52,0.14858823529411766,0.20388578117344497,0.518,1,Med15
Med15_S69,0.4762264150943396,0.6771951295498763,1.8175000000000001,0.15660377358490568,0.3333406288509808,0.9575,0.8869811320754717,0.6591367656496543,1.7575,0.11641509433962265,0.23611614849373352,0.6475,0.006415094339622642,0.05206568524003906,0.0,0.305,0.3651907525037918,1.0125,0.037452830188679245,0.07755871902420546,0.18,0.11443396226415095,0.16049376305151758,0.42,1,Med15
Med15_S70,0.06661290322580644,0.07779636192739364,0.22899999999999993,0.04080645161290322,0.08059814070785501,0.1974999999999998,1.212258064516129,0.622534268869999,2.061999999999999,0.02370967741935484,0.041140856441580005,0.11849999999999987,0.00870967741935484,0.03610021892525879,0.04749999999999979,0.16306451612903225,0.3274470985164034,0.7634999999999995,0.0914516129032258,0.17724528502312745,0.5295,0.03096774193548387,0.08521351538725312,0.2684999999999999,0,Med15
Med15_S71,0.2797674418604651,0.43598698508417744,1.2475,0.12325581395348836,0.25194510074484416,0.745,0.5819767441860465,0.4006753703361124,1.1925,0.14406976744186048,0.33246805386374384,1.0350000000000001,0.006162790697674419,0.02990843298946117,0.0,0.1747674418604651,0.30239719398085785,0.85,0.0505813953488372,0.08638293201734039,0.23,0.11906976744186047,0.1306421056976722,0.3675,0,Med15
Med15_S72,0.6235897435897435,0.8310903323848462,1.9939999999999998,0.13623931623931623,0.29925691446431263,1.0039999999999998,1.1855555555555557,0.8475720338062256,2.4019999999999997,0.05512820512820513,0.10942337410745934,0.3119999999999993,0.0038461538461538464,0.013251294916955375,0.03399999999999977,0.02871794871794872,0.0672814272361131,0.19,0.03632478632478633,0.05862796629652114,0.16,0.16213675213675213,0.12121389657891211,0.35199999999999987,0,Med15
Med15_S73,0.2923219814241486,0.41686331865586634,1.2579999999999996,0.13758513931888544,0.29905709175055584,0.8889999999999998,1.089969040247678,0.814624288833675,2.38,0.07479876160990712,0.16627693280655256,0.4759999999999991,0.03470588235294118,0.08966201302779955,0.25,0.15705882352941178,0.2368865459655342,0.6189999999999998,0.1056346749226006,0.19620265296356365,0.56,0.09021671826625387,0.12410530528698965,0.40899999999999975,0,Med15
Med15_S81,0.42959044368600685,0.6554339534275169,1.829999999999999,0.07822525597269625,0.15191333521039518,0.4339999999999998,0.8243344709897611,0.7532936701575703,2.13,0.09416382252559727,0.2202622979985109,0.5779999999999995,0.01590443686006826,0.04075844833140538,0.11,0.18733788395904438,0.28524036697196553,0.7719999999999994,0.1115358361774744,0.2077687142199966,0.5839999999999997,0.25993174061433444,0.2291437204894957,0.6479999999999996,0,Med15
Med15_S82,0.30640186915887846,0.44100466521146214,1.1634999999999998,0.1611214953271028,0.3391686248189878,0.97,0.7994859813084112,0.7631742565180925,2.0435,0.08107476635514019,0.20419833868055398,0.4939999999999998,0.02149532710280374,0.0688101932933356,0.16,0.08144859813084113,0.12790201161627723,0.38349999999999995,0.16406542056074766,0.3637517280284989,1.0149999999999995,0.20537383177570095,0.20449548697865738,0.5934999999999999,1,Med15
Med15_S98,0.3996958174904943,0.544330696632809,1.495,0.18009505703422055,0.386386175556573,1.16,1.333593155893536,0.8792666954807509,2.75,0.09332699619771864,0.21981237781627697,0.665,0.04844106463878327,0.1452939331018255,0.315,0.35511406844106463,0.46863965882194547,1.3575000000000002,0.10659695817490494,0.20322358578497005,0.615,0.09931558935361218,0.1682365319716336,0.495,1,Med15
Med15_S99,0.09857142857142857,0.14177737540180443,0.40999999999999986,0.05504761904761905,0.10854034883861081,0.3559999999999999,1.9815238095238095,0.3960351114785273,2.678,0.014095238095238095,0.024833880319467032,0.07,0.06619047619047619,0.09946376371845324,0.25799999999999995,0.24476190476190476,0.4138029427854223,1.3319999999999996,0.03514285714285715,0.06246713421586472,0.17,0.12523809523809523,0.09813741580535112,0.3,0,Med15
Phi3_S108,0.20363636363636362,0.2912103532030243,0.8324999999999995,0.09462121212121212,0.2030207198203724,0.5789999999999997,1.1141666666666665,0.3299873734958152,1.59,0.05863636363636364,0.1144503807768168,0.35449999999999987,0.5491666666666666,0.36350087763403327,1.1744999999999999,1.185151515151515,0.8516929569383853,2.4424999999999994,0.16007575757575757,0.3463958292948355,0.9144999999999999,0.00045454545454545455,0.002992008787705072,0.0,0,Phi3
Phi3_S129,0.04782608695652174,0.060806178175805685,0.195,0.03956521739130435,0.06649833821613325,0.195,0.8539130434782609,0.37570365544532014,1.5975000000000001,0.05695652173913044,0.12566038119059716,0.3725,0.20891304347826087,0.15859421680460084,0.45749999999999996,1.9354347826086957,0.9682922114544171,3.075,0.08173913043478262,0.12850083177986021,0.3475,0.07543478260869564,0.11718374027785276,0.325,1,Phi3
Phi3_S171,0.10030303030303031,0.1622013572786316,0.3379999999999998,0.03878787878787879,0.07896825215543807,0.13399999999999992,0.9275757575757576,0.14239097370949955,1.126,0.03606060606060606,0.0633413073130103,0.15999999999999995,0.2736363636363636,0.21011630978190068,0.54,0.7003030303030303,0.31516349773257424,1.148,0.05030303030303031,0.06770731351213326,0.15199999999999997,0.22454545454545455,0.22059707201551473,0.5579999999999999,0,Phi3
Phi3_S177,0.14925373134328357,0.2387675444831384,0.66,0.09159203980099502,0.16358928062779177,0.47,0.4793034825870647,0.570123243200811,1.84,0.11034825870646767,0.26341294218290173,0.78,0.2791542288557214,0.25311416612771265,0.69,1.0214925373134327,0.6494472736058179,2.0,0.0883582089552239,0.1800605205056792,0.55,0.2702487562189055,0.30921907737224963,1.04,1,Phi3
Phi3_S25,0.18290748898678416,0.2612891885945729,0.6979999999999995,0.10656387665198239,0.2532035438506607,0.7369999999999999,0.6307929515418502,0.5754769367479989,2.0809999999999995,0.08361233480176211,0.2371366609222921,0.7799999999999989,0.2897356828193832,0.3057066682220701,0.8109999999999996,1.5051982378854625,0.8066747710146708,2.5549999999999993,0.0890748898678414,0.17769051506890407,0.5169999999999999,0.07246696035242291,0.13847491869321077,0.3969999999999999,1,Phi3
Phi3_S42,0.27076923076923076,0.4134590865969604,1.1464999999999985,0.11326923076923076,0.20000707001078394,0.5519999999999993,1.0878846153846153,0.48730284716663824,1.6889999999999998,0.08846153846153845,0.16433328897169122,0.47799999999999987,1.1853846153846155,0.34993815441522735,1.6434999999999997,2.186153846153846,0.4764663798857038,2.8335,0.17750000000000002,0.39715594309698415,1.2194999999999996,0.12519230769230769,0.1900102204125788,0.5889999999999999,0,Phi3
Phi3_S5,0.2469230769230769,0.3328811471126925,0.9169999999999999,0.11413461538461539,0.20772746604473177,0.6054999999999998,0.5597115384615384,0.41592908453330957,1.2269999999999999,0.07038461538461539,0.17039031763436543,0.44199999999999934,0.35932692307692304,0.21816206865573437,0.69,0.8947115384615384,0.7180285262618508,2.2409999999999997,0.16490384615384615,0.30154616189242694,0.9094999999999996,0.03355769230769231,0.0732719137071782,0.2,1,Phi3
Phi3_S85,0.14943396226415095,0.24840580240915672,0.6459999999999998,0.12037735849056604,0.2181121999916464,0.5459999999999998,0.7639622641509435,0.7346593653959677,1.906,0.0439622641509434,0.10704671199350865,0.33399999999999985,0.47358490566037736,0.2073560143590157,0.7399999999999999,1.8309433962264152,0.8003106708093558,2.8699999999999997,0.0730188679245283,0.16785507606334762,0.4119999999999999,0.059622641509433964,0.09252779757271581,0.268,0,Phi3
Phi3_S97,0.18108695652173915,0.2254203802367633,0.5975,0.09391304347826088,0.1960212943179566,0.59,0.7100000000000001,0.45866472867807634,1.375,0.05608695652173913,0.11536373897603788,0.325,0.19608695652173913,0.1520011441604535,0.475,0.8034782608695652,0.6354078913625459,1.73,0.07630434782608696,0.14399627611932156,0.31,0.10391304347826087,0.14785094988414013,0.37,0,Phi3
Pol2_S10,0.45275862068965517,0.7990349733311976,2.5429999999999997,0.11245977011494253,0.26879603579982014,0.6989999999999986,0.7277701149425287,0.5908420473453774,1.98,0.08321839080459771,0.18883400564688757,0.6,0.9254252873563218,0.5303915524386176,1.7,1.8793793103448275,1.1373578124671977,3.517999999999997,0.06333333333333334,0.10597655016968562,0.31,0.40657471264367817,0.43161788742076573,1.3259999999999992,0,Pol2
Pol2_S125,0.35112852664576805,0.5406529761886629,1.2819999999999958,0.09554858934169279,0.20185989752582323,0.64,0.38858934169278997,0.37307857942653827,1.1,0.0638871473354232,0.1723038483465887,0.362999999999999,0.8404075235109717,0.6341201179337996,2.0409999999999995,1.777398119122257,1.0536622870809118,3.36,0.06855799373040752,0.12346079607321264,0.35099999999999965,0.6173040752351097,0.5474810283743913,1.8909999999999996,1,Pol2
Pol2_S126,0.6105050505050504,0.8927775664394225,2.566,0.16444444444444445,0.36576233563312727,1.1719999999999997,1.0116161616161616,0.6264276870342463,2.161,0.07787878787878788,0.18029608713239026,0.4969999999999996,0.6181818181818182,0.5146910379674464,1.4309999999999998,1.351818181818182,1.107637091193906,3.1969999999999996,0.1291919191919192,0.28795435000905306,0.6299999999999994,0.26707070707070707,0.40296161898878957,1.17,0,Pol2
Pol2_S20,0.3342857142857143,0.519897731091078,1.15,0.12263736263736263,0.2793915419257242,0.8600000000000001,0.489010989010989,0.37684672671187613,1.1949999999999998,0.07637362637362638,0.17257215227593278,0.45999999999999996,1.131978021978022,0.5163745836335388,1.97,2.058901098901099,0.841052846205213,3.41,0.10219780219780221,0.17869777215425425,0.535,0.7616483516483517,0.4260262478514251,1.385,1,Pol2
Pol2_S21,0.24426791277258567,0.35507328891151796,1.07,0.06900311526479751,0.13012351100114383,0.35,0.4580373831775701,0.37295384915312363,1.12,0.04171339563862929,0.0850690460816748,0.22,0.884018691588785,0.4564226244934981,1.68,2.10601246105919,0.7747828243090044,3.19,0.07498442367601246,0.133802850797806,0.37,0.3254205607476635,0.4152294855871082,1.17,1,Pol2
Pol2_S30,0.11991735537190082,0.15728687097025715,0.41,0.06975206611570248,0.14859600045042354,0.45,0.1271900826446281,0.13472950147422474,0.39,0.0487603305785124,0.12446264665843784,0.22,0.10958677685950413,0.17467301210268515,0.47,0.25322314049586775,0.30953248315277304,0.94,0.03181818181818182,0.05207366576943346,0.13,0.04115702479338843,0.07483526444402873,0.19,1,Pol2
Pol2_S35,0.39838709677419354,0.6352931540093687,1.9334999999999996,0.18604838709677418,0.37980308108505934,1.1534999999999995,0.6283870967741936,0.44145139283049023,1.4434999999999996,0.09126344086021507,0.2197824591128262,0.5834999999999996,0.9303763440860215,0.622818451029618,2.0134999999999996,1.7327688172043012,0.9845442363949648,3.19,0.056720430107526885,0.10690196184689404,0.32,0.5433064516129031,0.5225652903261774,1.5445,0,Pol2
Pol2_S4,0.2265845070422535,0.3653885437261663,0.8324999999999982,0.11485915492957746,0.30493175026342856,0.9119999999999959,0.38704225352112676,0.40051872502009617,1.2,0.07661971830985916,0.1745236315928953,0.47849999999999965,0.9316901408450705,0.6094050528909537,2.010999999999998,1.6142253521126761,1.0351188961897044,3.390999999999998,0.0965492957746479,0.19576811037135627,0.5984999999999996,0.5144366197183098,0.5689243767837521,1.9004999999999954,1,Pol2
Pol2_S42,0.4483546617915905,0.7448410101457191,2.1769999999999996,0.1556307129798903,0.373309761988144,0.9179999999999973,0.726581352833638,0.5560560805409749,1.93,0.0906764168190128,0.22293106461644163,0.58,0.9491407678244972,0.56496603703698,1.8769999999999993,1.9622486288848262,1.0404492673827015,3.35,0.08650822669104205,0.261002683076675,0.38699999999999934,0.42319926873857405,0.4201022491961735,1.1569999999999991,1,Pol2
Pol2_S43,0.19631147540983607,0.27748635829672846,0.7,0.0880327868852459,0.18337352632210965,0.4964999999999992,1.0804098360655738,0.6458492999528292,2.0284999999999993,0.06049180327868852,0.1411397084013936,0.38749999999999946,0.44606557377049183,0.40543325948415865,1.11,1.2562295081967212,1.026873879022926,2.775999999999999,0.04647540983606557,0.07813869985557673,0.1994999999999999,0.15147540983606558,0.19868440081159794,0.5494999999999999,1,Pol2
Pol2_S49,0.27767857142857144,0.46146009803440435,1.3525,0.03,0.04455843966584272,0.1225,0.39875,0.21111016081657466,0.6525000000000001,0.046607142857142854,0.10063935224741472,0.3,0.5696428571428571,0.306148890014553,0.935,2.157142857142857,0.3798024093260471,2.6725000000000003,0.02428571428571429,0.038887116018133716,0.10250000000000001,0.1357142857142857,0.21351480376913318,0.6024999999999999,0,Pol2
Pol2_S52,0.25715447154471544,0.3640290547526882,1.0319999999999994,0.1375067750677507,0.3041939912769049,0.7959999999999997,0.3861517615176152,0.44049297822142147,1.24,0.09802168021680217,0.22846401002459227,0.6759999999999997,0.37626016260162604,0.42262456044108104,1.1159999999999997,0.5606775067750677,0.7099305895023529,2.03,0.1016260162601626,0.20557068226834166,0.5899999999999983,0.17615176151761516,0.22590479611078648,0.6659999999999997,1,Pol2
Pol2_S54,0.40884684684684686,0.7064926615570064,2.0959999999999988,0.18419819819819822,0.388374652100082,1.1259999999999992,0.6421801801801802,0.544381976584062,1.7559999999999991,0.06834234234234234,0.16140669396688417,0.42299999999999954,0.7894054054054054,0.626338139756545,2.09,1.6311531531531531,1.011289220774215,3.0129999999999995,0.059891891891891896,0.12585299941286945,0.32,0.3751891891891892,0.47181815765200835,1.3929999999999993,1,Pol2
Pol2_S81,0.1917361111111111,0.2716624032585507,0.7754999999999999,0.09631944444444444,0.19523250090463784,0.5669999999999998,0.4207638888888889,0.3869426148905509,1.2154999999999998,0.04819444444444445,0.09350706026055103,0.2469999999999999,1.2605555555555557,0.5482850284445786,1.9785,2.5870138888888885,0.8877819298963598,3.6039999999999996,0.08201388888888889,0.15636419680832325,0.44,0.455625,0.4080753371244466,1.311499999999999,1,Pol2
Pol2_S9,0.28204545454545454,0.394467949810092,1.063,0.07420454545454545,0.13893454665763813,0.4029999999999998,1.0503409090909093,0.5160892929592806,2.031999999999999,0.04954545454545455,0.10494562457307302,0.3024999999999996,0.5920454545454545,0.40681594892646544,1.351499999999999,1.7159090909090908,1.0853005689549216,3.097999999999999,0.047840909090909094,0.08997380031982447,0.26949999999999974,0.15738636363636363,0.21709415467907073,0.6729999999999998,0,Pol2
Pol2_S90,0.2738983050847457,0.39775656506703844,1.1539999999999997,0.13305084745762713,0.3166726204397999,0.8639999999999985,0.3638418079096046,0.3476233232006687,1.06,0.03706214689265537,0.07609325604690081,0.19799999999999954,1.3789265536723163,0.47908112833791816,2.1379999999999995,2.195367231638418,0.7321070196619583,3.2119999999999997,0.07062146892655367,0.13012301082267222,0.42,0.7101129943502825,0.612031814291698,1.889999999999999,0,Pol2
Pol2_S91,0.25166666666666665,0.3755665369992999,1.1354999999999997,0.23166666666666666,0.4508759806067997,1.3909999999999996,0.45666666666666667,0.30550577860431116,1.06,0.04613333333333333,0.09766939624042259,0.20549999999999982,0.8615333333333333,0.48884432496370156,1.7454999999999998,2.2356,0.6600126905430321,3.08,0.12033333333333333,0.22122725619017147,0.578999999999997,0.6094666666666667,0.49697445232524984,1.6364999999999994,0,Pol2
Pol2_S93,0.37333333333333335,0.5691680351638276,1.6189999999999998,0.08600000000000001,0.17516015837250518,0.43,0.7714666666666666,0.49752004803645683,1.628,0.07106666666666667,0.17665490356894983,0.583,0.4236,0.4338938716920209,1.3439999999999999,0.8890666666666668,0.8608499466403136,2.4029999999999996,0.0408,0.06075560256670363,0.17,0.12866666666666668,0.22506055241257242,0.5199999999999995,0,Pol2
Pol9_S101,0.1354054054054054,0.18676477473303443,0.5719999999999998,0.10432432432432433,0.23189485812588695,0.6779999999999992,1.1154054054054054,0.3487724074410018,1.7559999999999987,0.05432432432432432,0.11146849431666878,0.31999999999999956,1.2245945945945946,0.4118966604123647,1.67,1.928918918918919,0.7833183820693139,2.694,0.03783783783783783,0.07200058391488282,0.13999999999999957,1.2191891891891893,0.39035865544378534,1.7139999999999997,1,Pol9
Pol9_S104,0.342625,0.4560018860989352,1.26,0.1013125,0.20573268934568675,0.6309999999999997,1.7801874999999998,0.5838534664477198,2.5814999999999997,0.027187499999999996,0.05582060072597576,0.17,0.2385,0.29822999861763017,0.95,0.7761250000000001,0.645339350542403,1.9,0.0931875,0.1659103792136514,0.43,0.252,0.29940570065532424,0.9704999999999998,1,Pol9
Pol9_S15,0.14551948051948052,0.20466788722824467,0.6234999999999999,0.06305194805194805,0.13455483573513694,0.27349999999999997,1.816883116883117,0.7319313867272644,2.824,0.07110389610389611,0.17298819971207033,0.45349999999999996,0.26941558441558444,0.35808173933212567,1.0,0.4662987012987013,0.6246012597840261,1.7049999999999994,0.12935064935064935,0.2336543319299707,0.6939999999999998,0.2255844155844156,0.21580972923541414,0.6304999999999998,0,Pol9
Pol9_S17,0.3519095477386935,0.5067677050963114,1.4,0.0814070351758794,0.1724453658196722,0.44299999999999984,1.1253266331658291,0.9024516377227676,2.4219999999999997,0.04155778894472362,0.10468850103823248,0.2,0.7347236180904523,0.672166555083412,1.77,0.9374874371859296,0.7190458876022742,2.3019999999999996,0.07979899497487437,0.15048057627936126,0.47,0.8179899497487437,0.5855438462302189,2.0119999999999996,0,Pol9
Pol9_S4,0.33405633802816903,0.5004279492697035,1.3190000000000004,0.07059154929577464,0.13840062798516825,0.4,0.8607323943661972,0.5038619485664477,1.56,0.09974647887323945,0.24375752738253179,0.8220000000000005,0.3946478873239436,0.3926465000117952,1.0930000000000002,0.5375492957746479,0.5467463284781204,1.5630000000000002,0.09405633802816901,0.17948576004797254,0.5230000000000001,0.2423661971830986,0.23857162277422014,0.6890000000000004,1,Pol9
Pol9_S42,0.07526315789473684,0.0929323160301687,0.25,0.030789473684210523,0.05658677044066656,0.1404999999999999,0.8915789473684211,0.39680157963251866,1.3515000000000001,0.03368421052631579,0.0808542583622275,0.19149999999999998,0.003157894736842105,0.010931052509323753,0.04,0.22947368421052633,0.15104943469339724,0.55,0.04052631578947369,0.0942953201217884,0.2619999999999999,0.030526315789473683,0.04311815121776584,0.12449999999999996,0,Pol9
Pol9_S52,0.13896103896103895,0.18939366142608904,0.5420000000000001,0.08090909090909092,0.14182255238020627,0.41000000000000014,1.3841558441558441,0.5158318541044337,2.144,0.04636363636363637,0.10658464749362224,0.30200000000000005,0.2809090909090909,0.302573096075807,0.9,0.6924675324675325,0.6419012791866541,1.9740000000000004,0.09948051948051949,0.16139112432303365,0.45400000000000007,0.06441558441558441,0.11542249058514398,0.38,1,Pol9
Pol9_S53,0.24486111111111108,0.38173803072284596,1.0170000000000008,0.08458333333333333,0.19010699359593403,0.5470000000000002,1.1715277777777777,0.6337206469513652,2.5620000000000007,0.052083333333333336,0.109517990032894,0.3225000000000001,0.2723611111111111,0.24344645740138277,0.6945,0.9712500000000001,0.49496603240973674,1.679,0.18888888888888888,0.34244175224061296,0.9145000000000001,0.22097222222222224,0.1797428501367269,0.61,1,Pol9
Pol9_S55,0.0970967741935484,0.19836319464368213,0.485,0.10064516129032258,0.2254467488324899,0.665,1.1316129032258064,0.3307778385784388,1.5,0.016129032258064516,0.02445096035671383,0.07,0.3496774193548387,0.2191572323084919,0.675,1.5974193548387094,0.22593461800464124,1.815,0.17451612903225808,0.306124579321093,0.735,0.3251612903225806,0.18362772063320462,0.505,0,Pol9
Pol9_S65,0.41866050808314087,0.543766917775745,1.3979999999999995,0.08279445727482679,0.20137558599759253,0.48399999999999976,1.4526789838337182,0.6340060250231316,2.549999999999999,0.10526558891454965,0.3089393236351373,0.8879999999999996,0.2120323325635104,0.23851591465723626,0.71,0.757690531177829,0.5062664961445377,1.67,0.10053117782909932,0.18900064808028275,0.5779999999999995,0.24591224018475752,0.2542493702654673,0.7779999999999996,1,Pol9
Pol9_S69,0.3738934426229508,0.5119534171738686,1.5485,0.11426229508196721,0.2546567706460271,0.744499999999999,1.1447540983606557,0.6492765370688154,2.154499999999999,0.0996311475409836,0.2393601450238495,0.7885,0.24225409836065573,0.243195972103429,0.7585,1.1378688524590164,0.46916216278906836,1.8,0.1090983606557377,0.21469474587601473,0.5969999999999999,0.3542622950819672,0.36706917981494924,1.067,1,Pol9
Pol9_S71,0.4200442477876106,0.5635920492993418,1.4575,0.10168141592920354,0.1900732146884096,0.54,0.8695575221238938,0.7312277521849047,2.2625,0.1492920353982301,0.34457372522300783,0.9775,0.5013716814159292,0.40314802783847165,1.17,1.165,0.6274840414084026,1.9525,0.12451327433628319,0.22792977924670854,0.6575,0.5174778761061947,0.4329837686943961,1.1475,1,Pol9
Pol9_S78,0.08272727272727273,0.15029705434723112,0.45799999999999996,0.044848484848484846,0.062205366133136576,0.16399999999999992,1.5872727272727274,0.2835960235007792,2.11,0.013636363636363637,0.025472801894641198,0.08,0.6372727272727273,0.2111911564091985,0.884,0.9430303030303031,0.22887612436213242,1.384,0.029393939393939396,0.04676666774660359,0.1,0.7000000000000001,0.09270248108869578,0.874,1,Pol9
Pol9_S8,0.1383125,0.18250259539810387,0.5214999999999995,0.12593749999999998,0.22637781319770742,0.63,1.9911874999999999,0.45353589426851004,2.7405,0.083125,0.21098507354280216,0.43749999999999745,0.138875,0.18066608937223563,0.4904999999999998,0.16412500000000002,0.22506012474098486,0.6704999999999999,0.098375,0.19242212342894896,0.5709999999999996,0.0043749999999999995,0.0266750183462652,0.0,1,Pol9
Pol9_S84,0.14857142857142858,0.19094834338446054,0.505,0.05285714285714286,0.09970273276412697,0.315,1.0908791208791209,0.5943953946876485,1.83,0.042417582417582415,0.09772228972780933,0.275,0.1575824175824176,0.25041006662113546,0.75,0.26263736263736265,0.3023384239366915,0.91,0.07604395604395604,0.13347391855822222,0.375,0.22175824175824174,0.26733081215184135,0.69,1,Pol9
Pol9_S97,0.2000568181818182,0.2897831645688418,0.7625,0.08011363636363636,0.1716474414485813,0.3525,1.5378409090909093,1.1120127942364035,2.8975,0.041477272727272724,0.09147102301793747,0.275,0.07028409090909092,0.16445035369730532,0.52,0.30125,0.4709572319072235,1.1925,0.12142045454545455,0.2576236999563914,0.5925,0.4215909090909091,0.22162200181460245,0.7825,0,Pol9
Tech10_S113,0.6426053639846743,0.9815467157511588,3.08,0.08773946360153256,0.19019591400938404,0.59,1.2440229885057472,0.6865506756523705,2.42,0.08911877394636016,0.1999451590004663,0.6,0.031187739463601535,0.09472494190197142,0.2,0.8897701149425287,0.42226398144587857,1.57,0.2706513409961686,0.5157876324762961,1.45,0.00022988505747126436,0.0021359621292304383,0.0,1,Tech10
Tech10_S118,0.40261176470588234,0.7199780541420489,2.1879999999999997,0.13028235294117646,0.29832538158248856,0.89,1.3437176470588237,0.5718253751902161,2.21,0.1151764705882353,0.2706143071211238,0.7279999999999995,0.1783764705882353,0.24545289178693824,0.7579999999999996,1.275364705882353,0.5392993543132684,2.2179999999999995,0.18249411764705883,0.352752506360505,1.05,0.0003529411764705882,0.002498612267447886,0.0,1,Tech10
Tech10_S19,0.4266442953020134,0.7251044759189136,1.956,0.07241610738255035,0.13416232104226525,0.39599999999999996,1.0153020134228188,0.5562671886770074,1.976,0.11503355704697987,0.26537740632019696,0.8059999999999999,0.03691275167785235,0.10078006109679835,0.29999999999999943,1.1683892617449665,0.7233359907813148,2.222,0.09644295302013424,0.19602838261644856,0.6259999999999999,0.0,0.0,0.0,1,Tech10
Tech10_S2,0.12977777777777777,0.1643788430437568,0.4659999999999999,0.03977777777777778,0.05254819817380166,0.12,2.2164444444444444,0.24977403929766331,2.578,0.036444444444444446,0.05296463466552493,0.13,0.0,0.0,0.0,1.6717777777777778,0.28183883925593245,2.122,0.037111111111111116,0.05525240522211031,0.14799999999999996,0.01711111111111111,0.07021467802461968,0.09199999999999975,0,Tech10
Tech10_S53,0.9158860759493671,1.2315885499489654,3.289,0.2162025316455696,0.41116830219802136,1.19,0.6760759493670886,0.6030208829532816,1.9660000000000002,0.04417721518987342,0.09601761508953481,0.23450000000000018,0.05063291139240506,0.0959012466082894,0.28,0.8950632911392404,0.6263601727699577,1.86,0.12987341772151897,0.23922376418862723,0.6830000000000002,0.00037974683544303797,0.0027382815638207518,0.0,1,Tech10
Tech10_S54,0.46939655172413797,0.9345236301412364,3.395,0.11853448275862069,0.3276351478473388,0.72,0.6766379310344827,0.6385322081223429,2.0749999999999997,0.05767241379310345,0.1462122207383958,0.29500000000000004,0.12310344827586206,0.18732633136531718,0.5275,1.235689655172414,0.7004473404629495,2.2125,0.06413793103448276,0.10964820397836965,0.265,0.0,0.0,0.0,1,Tech10
Tech10_S57,0.3609433962264151,0.8127831202605966,2.313999999999999,0.08283018867924527,0.22452837201642978,0.5739999999999996,0.7252830188679245,0.5163801662072718,1.774,0.04981132075471698,0.10356140070281859,0.25199999999999995,0.08867924528301888,0.10510137479612161,0.274,0.8950943396226415,0.6389312670434947,1.796,0.12566037735849056,0.25314566674577416,0.75,0.0,0.0,0.0,0,Tech10
Tech10_S58,0.7243816254416962,1.053745711288232,2.7889999999999997,0.11918727915194345,0.24026516877601692,0.7179999999999995,1.690459363957597,0.8407748036816859,3.01,0.07653710247349824,0.180165471227925,0.5379999999999996,0.002968197879858657,0.015171211280098419,0.02,0.8791166077738516,0.5579537054435959,1.71,0.10215547703180212,0.18079204345107353,0.53,0.00031802120141342753,0.0019491570208034785,0.0,0,Tech10
Tech10_S59,0.634820143884892,0.9641433245148137,2.6814999999999998,0.10510791366906475,0.2389141105324589,0.7114999999999997,1.060863309352518,0.44221706288507023,1.95,0.044064748201438846,0.11076215834089494,0.32449999999999934,0.10629496402877699,0.18647483945755453,0.51,1.0339568345323742,0.6244068592895579,2.1029999999999998,0.21276978417266187,0.3613860564927624,1.0214999999999999,0.0,0.0,0.0,1,Tech10
Tech10_S62,0.1656060606060606,0.20506005715308634,0.52,0.06393939393939393,0.12288679953992417,0.3675,1.6571212121212122,0.6181330828862892,2.605,0.02515151515151515,0.04166689976624775,0.12,0.20424242424242425,0.22536848872669782,0.5974999999999999,1.5684848484848484,0.2994057829164674,2.055,0.046969696969696974,0.08208756482177004,0.20500000000000002,0.06378787878787878,0.14248093153406827,0.4275,0,Tech10
Tech10_S65,0.670605504587156,1.098092179264027,3.4079999999999995,0.1281834862385321,0.25952056210108854,0.7459999999999991,1.0287522935779816,0.6620277889244142,2.4599999999999977,0.13310091743119268,0.37258008280874927,1.0259999999999991,0.14932110091743117,0.24319884447642454,0.6559999999999991,1.0164954128440367,0.714386828601742,2.145999999999999,0.2302018348623853,0.46886690267398656,1.51,0.015724770642201836,0.0683892771361062,0.08,1,Tech10
Tech10_S80,0.4552075471698113,0.7703511929950422,2.2159999999999997,0.18124528301886794,0.4289614354381942,1.2479999999999998,0.7749056603773584,0.6589725204687902,1.9579999999999982,0.06830188679245283,0.17480222427092543,0.49799999999999983,0.027433962264150943,0.07347064695106245,0.20799999999999982,0.9204150943396227,0.7149000098011764,2.2339999999999995,0.20305660377358492,0.41818975027901145,1.2879999999999998,0.0,0.0,0.0,1,Tech10
Tech10_S84,0.6096819787985865,0.854232415137267,2.4199999999999977,0.20883392226148412,0.5136474878979971,1.550999999999998,1.170565371024735,0.4477924954020844,1.8589999999999998,0.09918727915194346,0.25680188761571876,0.6079999999999995,0.12081272084805653,0.18082075559296018,0.55,1.183851590106007,0.5863812020065203,2.4089999999999976,0.180565371024735,0.33250558327651714,1.0279999999999996,0.004346289752650176,0.021843581883898577,0.02,1,Tech10
Tech10_S85,0.602814371257485,0.8445615432128971,2.177,0.13910179640718562,0.28166635467907636,0.8269999999999998,2.277185628742515,0.626930643372496,3.19,0.03215568862275449,0.06995798877432259,0.19,0.025568862275449106,0.05353306365340463,0.15399999999999978,1.3312574850299401,0.307794681292889,1.8309999999999997,0.08401197604790418,0.14632469210068705,0.40399999999999975,0.0003592814371257485,0.0026644051685589605,0.0,1,Tech10
Tech10_S99,0.15683333333333332,0.19474878791787184,0.5105,0.0625,0.1316341231325729,0.43099999999999994,1.582,1.014422771492258,2.6109999999999998,0.0685,0.20927497927165717,0.6624999999999999,0.004166666666666667,0.013185979542573811,0.021499999999999915,0.7111666666666667,0.3062738979491588,1.1059999999999997,0.0785,0.14085483572019358,0.35199999999999987,0.07200000000000001,0.11126087834835506,0.3134999999999998,1,Tech10
Tech21_S105,0.09551724137931035,0.11870902674545435,0.3015,0.04810344827586207,0.10236599107248298,0.29449999999999993,0.2096551724137931,0.17695242216375248,0.5115,0.03120689655172414,0.06464688392123749,0.2,0.5243103448275862,0.4179024987812328,1.273,1.765344827586207,0.2908319314332556,2.173,0.029482758620689654,0.06213800187057056,0.1534999999999999,0.516896551724138,0.667372977326093,1.5835,1,Tech21
Tech21_S106,0.1323913043478261,0.1792600194950675,0.4875,0.041956521739130434,0.07413559844313486,0.1875,0.5163043478260869,0.17974498844074963,0.86,0.030652173913043482,0.05458539380998643,0.135,0.3658695652173913,0.31812349863924455,0.825,1.6043478260869564,0.18197255194626397,1.98,0.020217391304347826,0.03221380866335171,0.09,0.06282608695652174,0.17744686896180453,0.575,1,Tech21
Tech21_S16,0.07446808510638298,0.0931251559430213,0.2569999999999999,0.032553191489361706,0.0596753973947472,0.15749999999999972,0.20319148936170214,0.21449722541733832,0.6889999999999992,0.02297872340425532,0.04583349451938131,0.14,0.10638297872340426,0.19667040855104245,0.5674999999999998,1.1089361702127658,0.2993630086295108,1.607,0.037978723404255316,0.07374148082356159,0.24,0.028404255319148936,0.07391222913771546,0.1469999999999999,1,Tech21
Tech21_S29,0.0516,0.08468962943202277,0.23599999999999993,0.046799999999999994,0.06737457482859045,0.19599999999999979,0.0,0.0,0.0,0.0252,0.046825918748772746,0.13799999999999998,0.1864,0.17097465699141887,0.47,0.7456,0.20308208521022558,1.0219999999999998,0.0208,0.0345108678534748,0.09,0.0,0.0,0.0,0,Tech21
Tech21_S3,0.061481481481481484,0.08934392079115502,0.244,0.045925925925925926,0.08789238434057427,0.268,0.017037037037037038,0.03473136631731908,0.10799999999999997,0.027037037037037037,0.03708771461681854,0.09399999999999999,0.3022222222222222,0.2581343319539912,0.68,1.4451851851851851,0.4409201076278346,2.062,0.03851851851851852,0.05368739314155776,0.15799999999999997,0.14703703703703705,0.178040937704157,0.437,0,Tech21
Tech21_S30,0.15989473684210526,0.31436019027116585,0.9489999999999998,0.06221052631578947,0.1387035638021683,0.32499999999999957,0.02368421052631579,0.049851964505539706,0.143,0.04484210526315789,0.09611454998555095,0.31,0.30494736842105263,0.23092263457247914,0.6879999999999998,1.3633684210526318,0.3360142174243676,1.813,0.036421052631578944,0.056848357252293875,0.16,0.09031578947368421,0.1671631425805402,0.5169999999999997,0,Tech21
Tech21_S32,0.278,0.3618125665774108,0.9419999999999998,0.0608,0.11557537223243827,0.3299999999999997,0.0604,0.06655073252789935,0.18199999999999988,0.006,0.008660254037844387,0.02,0.2756,0.17977022371164064,0.53,1.2128,0.20051018261757514,1.458,0.028399999999999998,0.04801735797257766,0.13999999999999985,0.6531999999999999,0.42310085480099585,1.3059999999999998,0,Tech21
Tech21_S33,0.12217391304347826,0.1825301712789148,0.5119999999999999,0.05695652173913044,0.10804825103827305,0.29599999999999993,0.3585507246376811,0.32432407250591205,0.9139999999999998,0.024782608695652172,0.04729782657772957,0.14,0.2876811594202899,0.26367395713119685,0.7999999999999992,1.1301449275362319,0.40544635081969765,1.6699999999999997,0.09782608695652174,0.17412697839100225,0.5399999999999997,0.36782608695652175,0.3540142468270475,1.136,0,Tech21
Tech21_S4,0.07035714285714285,0.09441759655743488,0.27299999999999996,0.03785714285714286,0.08297063928961247,0.20149999999999985,0.05928571428571429,0.09955190611224886,0.26,0.017857142857142856,0.026577230975953957,0.07,0.4064285714285715,0.12437143549969171,0.6064999999999999,1.712142857142857,0.36546628909601003,2.2995,0.027857142857142858,0.03966126413789497,0.09949999999999996,0.20357142857142857,0.1251137048985408,0.39299999999999996,0,Tech21
Tech21_S5,0.1006896551724138,0.1526885493527536,0.4599999999999997,0.02793103448275862,0.05191884534986361,0.11,0.04586206896551724,0.09781605336327212,0.22999999999999968,0.017586206896551725,0.03291278219061849,0.09,0.40310344827586203,0.17874769625440254,0.662,2.010689655172414,0.2698535453919239,2.464,0.027586206896551727,0.05103606374864409,0.1599999999999999,0.23724137931034484,0.14582025510205898,0.47,0,Tech21
Tech21_S6,0.1488157894736842,0.23227550942943112,0.7075,0.07052631578947369,0.16006577595344654,0.43,0.38315789473684214,0.3275167599836311,0.8925000000000001,0.03894736842105263,0.07965892203418976,0.23,0.20092105263157894,0.19241051690992325,0.5625,1.5210526315789472,0.32134541725841126,2.2525,0.01986842105263158,0.04259869860461723,0.095,0.0931578947368421,0.14923101131079328,0.44,0,Tech21
